Subject,spam
=?UTF-8?B?V2luZ++8jOasoui/juS9v+eUqOaWsOeahCBHb29nbGUg5biQ5Y+3CiA=?=,1
Your Request for Graduate Information at Tufts,0
Georgetown University Graduate Admissions Online Registration,0
Georgetown University - Application Creation,0
Automatic reply: [CMU ECE phd.] Waive TOEFL & GRE for application,0
Graduate Program in Computer Engineering at Tufts,0
Re: [BU CS phd.] Waive IELTS/TOEFL for application,0
Re: [Brown University ph.D] TOEFL waiver,0
Thank you for your interest in graduate education at UC Davis.,0
Re: [UCD ph.D] TOEFL & GRE waiver,0
=?utf-8?B?UkU6IFtVbml2ZXJzaXR5IG9mIFdpc2NvbnNpbuKAk01hZGlzb24gQ1MgcGhk?=,1
Re: [Georgetown CS phd.] Waive IELTS/TOEFL for application,0
Thank you for your application to The Voleon Group,0
Thank you for your application to The Voleon Group,0
[iSchool #56326] iAsk AutoReply: May I ask for waiving TOEFL when I,0
Take a closer look at Tufts,1
Re: FW: [Brown University ph.D] TOEFL waiver,0
Re: [CMU ML phd.] Waive TOEFL & GRE for application,0
Re: [tufts phd.] Waive IELTS/TOEFL for application,0
Re: [UC Davis CS ph.D] TOEFL & GRE waiver,0
[iSchool #56326] May I ask for waiving TOEFL when I apply for a Ph.D.,0
=?Windows-1252?Q?Re:_[University_of_Wisconsin=96Madison_CS_phd.]_Waive_TO?=,1
Greetings from Eventbrite,1
Your Tickets for Idealist Grad School Fair: Boston 2019,0
Order Confirmation for Ph.D. in Information Science Online,0
Order Confirmation for Ph.D. in Information Science Application,0
FW: TOEFL waive,0
Re: [Grad-admissions] [UW University CS ph.D] TOEFL waive,0
Enrollment Confirmation for Free Digital Training,1
RE: [UF ph.D] TOEFL waiver,0
[iSchool #56326] May I ask for waiving TOEFL when I apply for a Ph.D.,0
Wayfair Take Home Test,1
RE: [UF ph.D] TOEFL waiver,0
=?UTF-8?B?QXNzZXNzbWVudCBSZW1pbmRlcg==?=,1
Technical Associate/Data Enginer Application Received,0
Thank you for applying to Tracking Link Board,0
Re: [UCSB ph.D] TOEFL & GRE waiver,0
Thanks for stopping by!,1
Signup for LintCode,1
Applying to Georgetown University - Support and Resources,0
Thank you and Introduction from Triplebyte,1
Re: [MIT- Personal Robots ]ph.D application (Fall 2020) is available?,0
"Your Tickets for Industry Seminar: Jordi Diaz, QuantumBlack",1
Thanks for registering for Amazon Career Day Boston.,1
Your Tickets for Idealist Grad School Fair: Boston 2019,1
Tracking Link Board Take Home Test,1
You're Invited: Wayfair Data Solutions Challenge,1
=?utf-8?b?V2hhdCBpcyB4PyDigJQgaW50IGk7IGZvcihpPTA7IGk8MTA7IGkr?=,1
Re: [MIT- collective learning ]ph.D application (Fall 2020) is,0
[iSchool #56966] iAsk AutoReply: [UW-ischool-ph.D]full application,0
[ UW REQ2784699 ] [UW ph.D] application times and application fee,0
Automatic reply Re: [Ph.D] application times and application fee,0
Re: [UIUC ph.D] TOEFL waiver,0
"Graduate Student Life, Financial Support and More",1
"I saw your  interest in Data Engineer, Data Scientist, Business",1
Re: [UIUC Ph.D Informatics] Ph.D funding/stipend,0
[iSchool #56992] iAsk AutoReply: [UW Information School phd.] PhD.,0
Message to attendees of Idealist Grad School Fair: Boston 2019,1
[Confirmation] Your Data Science Dream Job webinar link,1
[Reminder] Your Data Science Dream Job webinar starts in 1 hour!,1
Re: [BU CS Ph.D] application times and application fee,0
Re: [BU CS Ph.D] Funding or stipend for full Ph.D program,0
RE: FEEDBACK - Graduate Admission,0
Re: [Ph.D] application times and application fee,0
Re: [BU CS Ph.D] Funding or stipend for full Ph.D program,0
[iSchool #56966] [UW-ischool-ph.D]full application and application,0
Re: [Georgetown CS phd.] Waive IELTS/TOEFL for application,0
Re: [gradhelp] [UCSB CS Ph.D] Ph.D funding/stipend,0
[iSchool #56992] [UW Information School phd.] PhD. Stipend/funding,0
Re: [Grad-admissions] [UW-CS ph.D] full application times,0
Re: [Grad-admissions] [UW CS Ph.D ] Ph.D funding/stipend,0
It was great to see you at the Boston Idealist Grad Fair!,1
Sales careers that lead the intelligent enterprise!,1
Re: [Tufts Interdisciplinary Ph.D] Funding or stipend for full,0
[Codility] Your Wayfair test misses you!,1
"Hello from the Alexa group at Amazon, Ziwei",0
"Hi Ziwei, it's Josh from the Alexa team",0
=?utf-8?Q?University=20of=20Washington=20Information=20School=20Boston=20Idealist=20Fair=20follow=20up?=,1
"Re: Hello from the Alexa group at Amazon, Ziwei",0
Re: [MIT Medialab] ph.D application more 1 program,0
"Re: Hello from the Alexa group at Amazon, Ziwei",0
"Re: Hello from the Alexa group at Amazon, Ziwei",0
"Re: Hello from the Alexa group at Amazon, Ziwei",0
"RE: Hi Ziwei, it's Josh from the Alexa team",0
"RE: Hi Ziwei, it's Josh from the Alexa team",0
=?utf-8?B?UkU6IFtVbml2ZXJzaXR5IG9mIFdpc2NvbnNpbuKAk01hZGlzb24gQ1MgcGhk?=,1
Graduate programs in Computer Science at Tufts University,1
Amazon Alexa - online assessment(OA) info + prep - next steps,0
"VENUE CHANGE for Industry Seminar: Jordi Diaz, QuantumBlack",1
The UC Davis Graduate Admission Application is Now Open!,1
Re: [Ph.D] application times and application fee,0
=?utf-8?Q?Deloitte_acknowledgement_-_Northeastern-_Deloitte_C?=,1
=?utf-8?Q?Deloitte_acknowledgement_-_Northeastern-_Deloitte_Consult?=,1
=?utf-8?Q?Deloitte_acknowledgement_-_Northeastern-_Deloitte_Con?=,1
Next Steps - Broad Institute,0
BroadInstitute invites you to a test at Codility,0
It was great meeting you at Idealist Boston!,1
Follow-up to Deloitte Application,0
Liberty Mutual Insurance Software Developer Interview request,0
Amazon Software Development Engineering Opportunity - Reminder,0
OA,0
OA debug and OA web,0
Re: Course project help,1
Amazon Software Development Engineering Opportunity - Reminder,0
Fwd: Amazon Software Development Engineering Opportunity - Reminder,0
Action Required - Amazon Full Time MBA Opportunities,1
=?utf-8?Q?UW=20iSchool=20PhD=20in=20Information=20Science=20Upcoming=20Events=2C=2010=2F1=2F19?=,0
Order Confirmation for Ph.D. in Information Science Online,0
Amazon Next Steps,0
"Wing, want to work at Commonwealth of Massachusetts?",1
[Codility] Your BroadInstitute test misses you!,0
Action Required - Amazon MBA Opportunities - First Reminder,1
Amazon Software development engineer full-time opportunity (Online,0
Amazon SDE Online Assessment Arriving Soon!,0
Action Required - Amazon MBA Opportunities - Final Reminder,1
Thank You from Synopsys!,0
NEXT STEPS: Amazon Software development engineer full-time,0
UW iSchool Ph.D. in Information Science Online Session Reminder,1
Acclaim email confirmation instructions,1
=?utf-8?Q?UW=20Information=20School=20=2D=20PhD=20Info=20Session=20recording?=,1
RE: [UW iSchool phD] experience question for phd application,0
"Microsoft PM <> FAQ, Advice, & Application Links",1
UW iSchool Ph.D. in Information Science Application Workshop Reminder,1
=?utf-8?Q?UW=20Information=20School=20=2D=20PhD=20Application=20Workshop=20recording?=,1
=?utf-8?Q?Coming=20Soon=3A=20CIIP=20Application=20Site=20Opens=20Oct.=2021st=21?=,1
Explore graduate programs at Tufts,1
RE: NEXT STEPS: Amazon Software development engineer,0
FW: Invitation for an MIT Bridge on-campus interview,1
follow up with Andrew from TEKsystems,0
ITJOBSLIST || 100% Assured Placement Service ||,1
Broad Institute: Further Action Required,0
Broad Institute of MIT and Harvard invites you to a test at Codility,0
The Broad Institute of MIT and Harvard Reference Steps,0
The Broad Institute of MIT and Harvard Reference Checking Process,0
Re: FW: The Broad Institute of MIT and Harvard Reference Steps,0
NEXT STEPS: Amazon Software development engineer full-time,0
Re: FW:The Broad Institute of MIT and Harvard Reference Steps,0
=?utf-8?Q?10=2F29=20Industry=20Seminar=3A=20Mike=20Treacy=20and=20Matt=20Hulsizer=20of=20Peak6=20Investments?=,1
Thank You for Entering Your References,1
Re: Coming Soon: CIIP Application Site Opens Oct. 21st!,1
Re: Coming Soon: CIIP Application Site Opens Oct. 21st!,1
Important Information about arXiv,1
Welcome Ziwei Fan,1
arXiv endorsement request from Ziwei Fan,0
"Your ""Semantic segmentation with OpenCV and deep learning"" source",0
Invitation to Apply for a Cisco Job: Software Engineer - Master's,1
Your job application is incomplete!,1
Re: arXiv endorsement request from Ziwei Fan,0
RE: NEXT STEPS: Amazon Software development engineer,0
"Amazon FTE Opportunity | SDE- Alexa Entertainment| Seattle, WA,",0
Amazon SDE FT Final Interview Invitation - Coming Soon,0
Request Availability for Interviews with Cisco: Software Engineer -,0
=?UTF-8?B?VHJhZmZpYyBTaWduIENsYXNzaWZpY2F0aW9uIHdpdGggS2VyYXMg8J+bkfCfmqbimqDvuI8=?=,1
Automatic reply: Request Availability for Interviews with Cisco:,1
Charles River Associates Life Sciences Virtual Presentation,1
Tentative Schedule,1
"RE: RE: Amazon FTE Opportunity | SDE- Alexa Entertainment| Seattle,",0
"RE: RE: Amazon FTE Opportunity | SDE- Alexa Entertainment| Seattle,",0
RE: RE: RE: RE: Amazon FTE Opportunity | SDE- Alexa Entertainment|,0
"RE: Amazon FTE Opportunity | SDE- Alexa Entertainment| Seattle, WA,",0
Amazon SDE FT Final Interview Invitation,1
"My secret weapon for detecting objects in images (from faces, to",1
#JustJerry Follow Up: Resume Review LinkedIn Live,1
Re: [Tufts CS Ph.D] Funding or stipend for full program,0
Amazon SDE FT Final Interview Invitation,0
Amazon SDE FT Final Interview Invitation - Coming Soon,0
RE: Amazon SDE FT Final Interview Invitation,0
RE: RE: Amazon SDE FT Final Interview Invitation,0
Amazon SDE,0
Harvard T.H. Chan School of Public Health: Phone Interview Request,0
Harvard T.H. Chan School of Public Health: Phone Interview,0
Amazon SDE FT Final Interview Invitation - Coming Soon,0
Amazon SDE FT Final Interview Invitation,0
FW: RE: Amazon SDE,0
RE: Amazon SDE FT Final Interview Invitation,0
RE: Thank you Ms.Manju,0
RE: RE: Amazon SDE FT Final Interview Invitation,0
work/effort squarkai.com,1
Alexa Entertainment-Phone Screen Prep,0
"Cisco WebEx Interview Confirmation - Software Engineer II Masters, Zi",0
Amazon SDE FT Final Interview Invitation - Coming Soon,0
Amazon SDE FT Final Interview Invitation,0
RE: Amazon SDE FT Final Interview Invitation,0
Confirmation: Amazon FT SDE Final Round Interviews,0
New Schedule,1
RE: New Schedule,1
"Ziwei Fan, you're set for your phone interview!",0
=?Windows-1252?Q?Amazon_Opportunity_-_Phone_Interview_=96_Request_for_Ava?=,1
"Cisco WebEx Interview Confirmation - Software Engineer II Masters, Zi",0
=?Windows-1252?Q?Amazon_Opportunity_-_Phone_Interview_=96_Request_for_Ava?=,1
=?utf-8?B?UkU6IEFtYXpvbiBPcHBvcnR1bml0eSAtIFBob25lIEludGVydmlldyDigJMg?=,1
Case Status New Account Notification,1
Next Steps for Data Scientist Position @ SPH (50619BR),0
=?utf-8?Q?UW=20PhD=20in=20Information=20Science=20Admissions=20Deadline=20Reminder=20=2812=2F1=2F19=29?=,1
Your Application for Silicon Valley Next Talent Rotational Program -,1
Automatic reply: Your Application for Silicon Valley Next Talent,1
AWS data scientist information - please read!,0
RE: AWS data scientist information - please read!,0
RE: RE: AWS data scientist information - please read!,0
[Action Required] Verify your email address,0
RE: RE: Next Steps for Data Scientist Position @ SPH (50619BR),0
=?Windows-1252?Q?Amazon_Opportunity_=96_Phone_Interview_Confirmation_?=,1
=?Windows-1252?Q?Automatic_reply:_RE:_Amazon_Opportunity_=96_Phone_Interv?=,1
ETS Account Updated,1
ETS Account Updated,1
Your GRE Order Confirmation,0
University of Washington Graduate Application Confirmation - Ziwei,0
Re: Highly interested in context-aware computing & improving HCI,0
[iSchool #61516] iAsk AutoReply: Waiving TOEFL when I apply for a,1
Admissions recommendation confirmation,0
Admissions recommendation confirmation,0
Admissions recommendation confirmation,0
[iSchool #61540] iAsk AutoReply: FW: Late 30 mins of Admissions,0
UW Information School PhD program application,0
[iSchool #61516] Waiving TOEFL when I apply for a Ph.D.program,0
[iSchool #61540] FW: Late 30 mins of Admissions recommendation,0
RE: [Ph.D application] Late 30mins of Recommendation,0
=?utf-8?B?UkU6IFJFOiBSRTogQW1hem9uIE9wcG9ydHVuaXR5IOKAkyBQaG9uZSBJbnRl?=,1
=?utf-8?B?UkU6IFJFOiBSRTogUkU6IEFtYXpvbiBPcHBvcnR1bml0eSDigJMgUGhvbmUg?=,1
RE: UW Information School PhD program application,0
Re: Next Steps for Data Scientist Position @ SPH (50619BR),0
IBM Job Alert,1
Silicon Valley Next Talent Rotational Program - 2020,1
Your SAP Interview is Scheduled!,0
Your SAP Interview is Scheduled!,0
Your IBM Application: Next Steps,0
Re: Re: Next Steps for Data Scientist Position @ SPH (50619BR),0
Action Required: IBM Cognitive Ability Assessment- 278472BR,0
Your IBM Application: Cognitive Ability Assessment Results Received,0
Action Required: IBM Learning Agility Assessment,0
Brent/JP/Ziwei Interview,0
UW Information School - PhD application complete,0
Your IBM Application: Learning Agility Assessment Results Received,0
Email confirmation instructions,1
Secure two-step verification notification,1
Ready for tomorrow? | Criteo,1
See You Tonight!  | Crito Talent Connect,1
,1
Your UW Employment Candidate Profile,1
Thank You for Applying to the University of Washington,0
Checking in from Tufts Grad Admissions,1
job interview,0
RE: RE: job interview,0
Ziwei Wing Fan and Dr. Brandon Westover:  Computer Programmer,0
Ziwei Wing Fan and Dr. Brandon Westover:  Computer Programmer,0
Ziwei Wing Fan and Dr. Brandon Westover:  Computer Programmer,0
=?utf-8?Q?Now=20Accepting=20Applications=20for=20CIIP=202020=20=2D=202021=21?=,1
=?UTF-8?Q?Additional_Information_Required_=E2=80=93_SO?=,1
Tufts University - January 15th Deadline Reminder,1
=?utf-8?q?CIIP_Application_Status_=E2=80=93_Application_Submitte?=,1
"RE: Hi Ziwei, it's Josh from the Alexa team",0
IHME Software Engineer,0
FW: Re: 1:30 PM Nutcracker Citizens Bank Opera House 12/29/2019,1
Your Application Account Information,1
FW: RE: [NEU CoS] ph.D application (Network Science),0
Thank you for your interest!,1
FW: Northeastern University has sent you an official PDF transcript,0
FW: Your transcript has been transmitted,0
Tufts University Graduate Application Password Reset,0
Your application to Tufts University has been initiated,0
New Job Openings at Cisco!,1
Your experience fits Software Developer at Schneider Electric,1
=?utf-8?B?ypXCtOKAoiDhtKXigKLMpWDKlCD=?=,1
You've started your Amazon job application!,1
=?UTF-8?B?VHJhbnNmZXIgRXZlbnQ6IOS6mumprOmAikluLXBlcnNvbumdouivlQ==?=,1
Reminder: Application Deadline Approaching,1
RE: Re: Re: Reaching out,0
IBM Job Alert,1
"Invitation: call Ziwei - Pieter @ Fri Jan 17, 2020 2:30pm - 3pm (EST)",0
Re: Re: Re: Reaching out,0
Thank you for your interest in the PhD Network Science program,0
Re: FW: Thank you for your interest in the PhD Network Science,0
Re: Re: FW: Thank you for your interest in the PhD Network Science,0
=?utf-8?B?UkU6IFRoYW5rIHlvdSBEci5XZXN0b3ZlciBmb3IgaW50ZXJ2aWV3aW5nIA==?=,1
Your application to Tufts University has been submitted,0
Your application to Tufts University has been initiated,0
Notification of Payment,1
Your GRE Order Confirmation,0
Re: Re: Re: Reaching out,0
RE: Re: Re: Re: Reaching out,0
"Updated invitation: call Ziwei - Pieter @ Tue Jan 21, 2020 3pm -",0
=?utf-8?B?UkU6IFJFOiBUaGFuayB5b3UgRHIuV2VzdG92ZXIgZm9yIGludGVydmlld2lu?=,1
Your application to Tufts is incomplete,1
Re: Phd Toefl Waived-Ziwei Fan,0
Re: Phd Toefl Waived-Ziwei Fan,0
Call:  Ziwei Wing Fan:   Re:  Position,0
Re: Phd Toefl Waived-Ziwei Fan,0
=?utf-8?B?UkU6IFJFOiBSRTogUkU6IFRoYW5rIHlvdSBEci5XZXN0b3ZlciBmb3IgaW50?=,1
IBM Data Scientist - Cyber Risk,1
RE: IBM Data Scientist - Cyber Risk,1
RE: RE: IBM Data Scientist - Cyber Risk,1
Your IBM Application: Next Steps,0
RE: RE: RE: IBM Data Scientist - Cyber Risk,0
Your IBM Application: Learning Agility Assessment Results Received,0
Massachusetts General Hospital(MGH) Reference Steps,0
Massachusetts General Hospital(MGH) Reference Checking Process,0
Coding assessment DFCI,0
Thank You for Entering Your References,0
Re: Coding assessment DFCI,0
Request Availability for Interviews with Cisco: Software Engineer -,0
Fwd: The Season 15 Collection (The Voice Performance) - Kirk Jay,0
FW: Your Diploma!,0
Your Amazon.com order #114-7249364-6733823,1
"zwwingfan177, Welcome to Amazon Prime! Enjoy the best of shopping and",1
Your Amazon.com order #114-0188422-2998606,1
Commonwealth Care Alliance - Data Engineer (2019-2613),0
RE: Commonwealth Care Alliance - Data Engineer (2019-2613),0
"Tentative Interview Schedule: 1265249, Software Engineer - Master's",0
"Cisco WebEx Interview Confirmation - Software Engineer II Masters, Zi",0
Re: Coding assessment DFCI,0
Re: Re: Coding assessment DFCI,0
Your Amazon.com order #114-9971747-3821808,1
Your Amazon.com order #114-0188422-2998606 has shipped,1
=?utf-8?Q?Welcoming=20HDSR=20Managing=20Director=20Rebecca=20McLeod?=,1
Welcome to your first Amazon delivery!,1
Your Amazon.com order #114-7249364-6733823 has shipped,1
Your Amazon.com order #114-9971747-3821808 has shipped,1
Your Amazon.com order #114-9914382-9233864,1
Interview Confirmation for Ziwei Fan - Commonwealth Care Alliance -,0
Recall: Interview Confirmation for Ziwei Fan - Commonwealth Care,0
Interview Confirmation for Ziwei Fan - Commonwealth Care Alliance -,0
Recall: Interview Confirmation for Ziwei Fan - Commonwealth Care,0
RE: Interview Confirmation for Ziwei Fan - Commonwealth Care Alliance,0
RE: RE: Interview Confirmation for Ziwei Fan but confused about the,0
RE: RE: RE: Interview Confirmation for Ziwei Fan but confused about,0
Your Amazon.com order #114-9914382-9233864 has shipped,1
=?utf-8?Q?Claim=20Your=20Trial=20Pass?=,1
=?utf-8?Q?Claim=20your=20free=20workout=20pass?=,1
=?utf-8?Q?Claim=20Your=20Trial=20Pass?=,1
Your Amazon.com order #114-0413282-4551451,1
Nik Bear invited you to share their YouTube TV membership,0
YouTube TV confirmation,0
Picked up: SAS Safety 2985 Non-Toxic...,1
"Getaway confirmed, Wing Fan: We're getting you there (for less)",1
"Fwd: Data Engineer (78778), Lenovo role",0
"Our way of thanking you: Wing, you have access to Expedia's member",1
Portuguese,0
The Book of Why by Judea Pearl,1
Re: The Book of Why by Judea Pearl,1
Re: The Book of Why by Judea Pearl,1
Re: Re: The Book of Why by Judea Pearl,1
MIT is having its annual weeklong boot camp on deep learning.,1
EEG database SQL,0
Re: EEG database SQL,0
Next Steps - Cisco University Recruiting,0
Your Amazon.com order #114-4046180-3357806,1
RP Brit English,0
Information Needed for Cisco Job Software Engineer - Master's (Full,0
Muzak to help with the RP accent,1
Re: Husky Systers Code,0
Re: Husky Systers Code,0
=?UTF-8?B?NSBXYXlzIHRvIFByb3RlY3QgWW91cnNlbGYgRnJvbSBDb3JvbmF2aXJ1cyBhdCBXb3JrIChBbmQgMSBUaGluZyBUaGF0IFdv?=,1
I created the exact same app in React and Vue. Here are the,1
Your Amazon.com order #114-1926323-0803407,1
Re: Husky Systers Code,0
Re: Husky Systers Code,0
Re: Husky Systers Code,0
Re: Husky Systers Code,0
Your Amazon.com order #114-2978477-5955456,1
Your Amazon.com order #114-1926323-0803407 has shipped,1
RE: Next Steps - Cisco University Recruiting,0
Re: Husky Systers Code,0
Re: Husky Systers Code,0
Re: Husky Systers Code,0
RE: RE: Next Steps - Cisco University Recruiting,0
=?utf-8?Q?Spring=20Semester=20Industry=20Seminars?=,1
RE: RE: RE: Next Steps - Cisco University Recruiting,0
Phone Screen with Sabrina Dahl-Talent Acquisition Partner - 262047BR:,0
Your Amazon.com order #114-2978477-5955456 has shipped,1
=?utf-8?Q?Special=20webinar=20by=20Xihong=20Lin=20on=20Analysis=20of=2025=2C=20000+=20COVID=2D19=20cases=20in=20Wuhan?=,1
URGENT Phone Screen with Sabrina Dahl-Talent Acquisition Partner -,1
"You're Invited to Join Amazon's Site, Woot.com",1
Your Amazon.com order #114-2909630-8904261,1
New Job Openings at Cisco!,1
Your Amazon.com order #114-2909630-8904261 has shipped,1
Your Amazon.com order #114-2909630-8904261 has shipped,1
RISE Posters,0
Your Amazon.com order #111-6851255-1232213,1
Amazon.com order of Networking for Systems Administrators (IT Mastery,1
Re: RISE Posters,0
Re: RISE Posters,0
"Software Development Engineer Openings with Amazon in Seattle, WA.",1
Your Amazon.com order #111-6851255-1232213 has shipped,1
Language for letter to recruit for advisory board,1
Re: Language for letter to recruit for advisory board,1
Re: Language for letter to recruit for advisory board,1
Re: Language for letter to recruit for advisory board,1
Re: Language for letter to recruit for advisory board,1
Re: Language for letter to recruit for advisory board,1
Upcoming Webinar This Saturday - Unstructured Data: Predicting,1
"Abhishek Gargha Maheshwarappa, Kartik Kumar's book on model",0
"Re: Abhishek Gargha Maheshwarappa, Kartik Kumar's book on model",0
Opportunity with Amazon Web Services,0
Get a $15 credit when you buy $50 in Amazon Gift Cards,1
Get a $15 credit when you buy $50 in Amazon Gift Cards,1
"Students: We're giving you 6 months of Prime, no cost to you.",1
UC Davis Graduate Admissions: GRE Requirements Waived,0
Our Graduate Application Is Now Open!,1
"Prime Day is your chance to save really, really big",1
sandy moonstone pinned your comment,0
=?UTF-8?B?TmV3IHJlcGx5IHRvIGEgY29tbWVudCBvbiAi6K+36Zeu77yb5Y+q55So5Lit5paH5YaZ?=,1
Try 3 months for $0.99 of Amazon Music Unlimited,1
Deloitte profile matched to Cloud Cyber Security Senior Consultant,1
Secure two-step verification notification,1
TeddySwims.zip,0
Zi.zip,0
USC CSSA OPT/CPT/H1B Panel  Confirmation,0
Your Comment Submitted on Regulations.gov (ID: ETA-2020-0006-0001),0
Your Comment Submitted on Regulations.gov (ID: ETA-2020-0006-0001),0
Action requested: Please take a moment to upgrade your account,1
Your project ciscoase-1574733204612 has been shut down,1
=?UTF-8?Q?Your_billing_account_=E2=80=9C015239=2D19A519=2D987D41=E2=80=9D_is_c?=,1
Your chat transcript for [Case #25925219],1
KinessoPups.zip,0
"Wing, welcome to Google Pay",0
You sent Lin $1,0
You received $1 from Lin,0
Secure two-step verification notification,0
Concerns on Dallas Lockbox Delay for F-1 OPT I-797 Applications,0
=?utf-8?B?T21idWRzbWFuIFJlcXVlc3QgTnVtYmVyIDIwMjEwMDMxNsKg?=,1
Concerns on Dallas Lockbox Delay for F-1 OPT I-797 Applications,0
Concerns on Dallas Lockbox Delay for F-1 OPT I-797 Applications,0
7:00 pm Zoom date with Zach from coffee meets bagel,1
Re: 7:00 pm Zoom date with Zach from coffee meets bagel,1
Re: [External] Concerns on Dallas Lockbox Delay for F-1 OPT I-797,0
USCIS- I 765 application Delay (FIRST DRAFT),0
F1 Students -USCIS- I765 delay,0
Fwd: F1 Students -USCIS- I765 delay,0
"OPT severe delay, we need your help!",0
Re: Potential lawsuit against USCIS regarding F-1 OPT,0
"Taylor, Cute animals and 12 other boards like yours",1
View your January Google Pay transaction statement,1
Peteroid has invited you to work with them in Slack,1
Representative : Privacy Release Form Submission Confirmation,1
FW: Representative : Privacy Release Form Submission Confirmation,1
=?utf-8?B?V2luZywg8J+QuyBBbmltYWxzLCBCcm93biBiZWFyIGFuZCBtb3Jl?=,1
"Teacup pigs, Mini pigs, and more Pins trending on Pinterest",1
We think you might like these 15 ideas,1
A message from Litigation against USCIS you might have missed,0
=?utf-8?B?VXBkYXRlOiBPbWJ1ZHNtYW4gUmVxdWVzdCBOdW1iZXLCoDIwMjEwMDMxNg==?=,1
About work and life in MGH,0
=?utf-8?B?UkU6IFVwZGF0ZTogT21idWRzbWFuIFJlcXVlc3QgTnVtYmVy?=,1
=?utf-8?B?UkU6IFVwZGF0ZTogT21idWRzbWFuIFJlcXVlc3QgTnVtYmVywqAyMDIxMDAz?=,1
Join Us For Our Upcoming Data Science Webinar!,1
=?utf-8?B?UkU6IFVwZGF0ZTogT21idWRzbWFuIFJlcXVlc3QgTnVtYmVy?=,1
Would you like us to consider and contact you for job opportunities,1
Purchase confirmation: Van Gogh: The Immersive Experience,0
P&G Careers - Invitation to Online Assessment,0
Your IBM Cloud verification code,0
Welcome to your IBM Cloud Lite account!,0
Reset your IBMid password,0
What could you do with a $200 credit on IBM Cloud?,1
New Job Openings at Cisco!,1
Got your contact from Shihao Zhong,0
RE: Got your contact from Shihao Zhong,0
Got your contact from Shihao Zhong,0
AWS Opportunity!,0
Amazon is inviting you to complete a job application,1
Thank you for your application to McKinsey & Company,0
[Reminder] Thinking with Leaders YouTube live event in only 2 days!,1
Massachusetts Registry of Motor Vehicles Upgrade from Standard to,0
=?UTF-8?B?Q29uZ3JhdHVsYXRpb25zLCB5b3XigJl2ZSBiZWVuIGFjY2VwdGVkIGludG8gdGhlIEFXUyBNYWNoaW5lIExlYXJuaW5nIFNjaG8=?=,1
Following up on your AWS Machine Learning Scholarship Program,1
"Your AWS Machine Learning Scholarship Program starts today, June 28,",1
Join the live Orientation Webinar for the AWS ML Scholarship!,1
Join the AWS DeepRacer community on Slack!,1
AWS Machine Learning Community on Slack: New Account Details,1
Quick question?,0
RE: Quick question?,0
Welcome to Neuromatch Academy!,0
Palo Alto Networks - Please Apply for the =?UTF-8?B?4oCL?= Senior,0
Welcome to Boston Children's Hospital - Important,0
AWS Software Engineering Opportunity!!,0
RE: AWS Software Engineering Opportunity!!,0
Udacity AWS ML Foundations Course | AWS Account No Longer Required!,0
RE: AWS Software Engineering Opportunity!!,0
Action Required: BCH Participation Agreement,0
=?us-ascii?Q?COVID-19_Vaccine_Information_Request_-_Please_R?= ,1
Make more progress in your AWS ML Foundations course to finish by,1
Hello from Google Engineering!,0
Re: Hello from Google Engineering!,0
Incomplete job application reminder,0
Invitation from Long Chen to apply to Google,0
Re: Hello from Google Engineering!,0
Re: Hello from Google Engineering!,0
=?UTF-8?Q?Thanks_for_accepting_Long_Chen=E2=80=99s_invitation_to_app?=,1
Thank you for applying to Deloitte!,0
Thank you for applying to Deloitte!,0
Thank you for applying to Deloitte!,0
Thank you for applying to Deloitte!,0
Thank you for applying to Deloitte!,0
Thank you for applying to Deloitte!,0
Thank you for applying to Deloitte!,0
Thank you for applying to Deloitte!,0
Thank you for applying to Deloitte!,0
Thank you for applying to Deloitte!,0
Thank you for applying to Deloitte!,0
Thank you for applying to Deloitte!,0
Thank you for applying to Deloitte!,0
Thank you for applying to Deloitte!,0
Thank you for applying to Deloitte!,0
Thank you for applying to Deloitte!,0
Thank you for applying to Deloitte!,0
Thank you for applying to Deloitte!,0
Thank you for applying to Deloitte!,0
Thank you for applying to Deloitte!,0
Delivery Status Notification (Failure),1
=?UTF-8?B?UmU6IOWNluWKm+WGheaOqA==?=,1
Re: Google Follow Up,0
Re: Google Follow Up,0
Google Follow Up,0
Zhuocheng Shen has submitted you to the Lead Data Engineer/ Architect,0
ACTION REQUIRED: VMware Referral Application for R2112212 Lead Data,0
Zhuocheng Shen has submitted you to the Technical Program Manager,0
ACTION REQUIRED: VMware Referral Application for R2112869 Technical,0
Zhuocheng Shen has submitted you to the Senior Backend Software,0
ACTION REQUIRED: VMware Referral Application for R2106806 Senior,0
Zhuocheng Shen has submitted you to the Senior Technical Program,0
Zhuocheng Shen has submitted you to the Intelligence Platform Product,0
ACTION REQUIRED: VMware Referral Application for R2118064 Senior,0
ACTION REQUIRED: VMware Referral Application for R2117296,0
Software Engineer - Cisco Systems,0
RE: Ziwei Fan resume,0
Re: Google Follow Up,0
Your Recent Google Application,0
"Liberty Mutual Insurance Analyst, Advanced Analytics Interview",0
Re: Google Follow Up,0
"Greetings from Google, Wing!",0
Liberty Mutual Insurance - Solutions Engineer Job # 2021-41542 -,0
Deloitte - Introduction,0
RE: Deloitte - Introduction,0
REMINDER,1
JLW Sponsorship Road Test Update,0
"Road Test Application, Fees, What To Bring, etc.",0
For the road test,0
Pullover Reference Points,0
Parallel Parking Reference Points,0
reschedule,0
Northeastern University - AI Project Manager position at the,0
RE: reschedule,0
RE: Northeastern University - AI Project Manager position at the,0
Northeastern University: Institute for Experiential AI (IEAI),0
[Interview Scheduling] Northeastern University-  AI Project Manager,0
Re: [Interview Scheduling] Northeastern University-  AI Project,0
UPDATE,0
Re: JLW Sponsorship Road Test Update,0
Re: JLW Sponsorship Road Test Update,0
RE: UPDATE,0
Re: JLW Sponsorship Road Test Update,0
"Re: Greetings from Google, Wing!",0
"Liberty Mutual Insurance - Request meeting with hiring manager, Sarah",0
"RE: Liberty Mutual Insurance - Request meeting with hiring manager,",0
You have been referred to Microsoft,0
Thank you for your Application!,0
Thank you for your Application!,0
=?UTF-8?B?UmU6IGxpbmtlZGlu5YaF5o6o77yM5oSf6LCibHrvvIHvvIE=?=,0
Re: Bloomberg reference -Ziwei Fan,0
Re: Bloomberg reference -Ziwei Fan,0
JLW Sponsorship Road Test Update,0
Re: Bloomberg reference -Ziwei Fan,0
"Parallel Parking, Step by Step",0
Pullover Reference Points,0
Re: Bloomberg reference -Ziwei Fan,0
[Your 2nd Interview Scheduling] Northeastern University-  Data,0
Re: Bloomberg reference -Ziwei Fan,0
Re: [Your 2nd Interview Scheduling] Northeastern University-  Data,0
Re: Bloomberg reference -Ziwei Fan,0
Re: Bloomberg reference -Ziwei Fan,0
Re: Bloomberg reference -Ziwei Fan,0
=?UTF-8?B?VGhvdWdodCBZb3XigJlkIEJlIEludGVyZXN0ZWQ=?=,1
Your annual notice about our customer service and error resolution,1
Urgent Req: Data Engineer(AWS)_Remote,0
Re: Bloomberg reference -Ziwei Fan,0
Hi from Meta!,0
JLW Sponsorship Road Test Update,0
Re: JLW Sponsorship Road Test Update,0
Re: JLW Sponsorship Road Test Update,0
[LeetCode] Confirm E-mail Address,1
Thank you for applying to join The Broad Institute with MIT and,0
Re: Thank you for applying to join The Broad Institute with MIT and,0
"Confirmed: 30 Minute Meeting with Gene Leshinsky on Wednesday,",0
Northeastern University,0
RE: Northeastern University,0
Re: Bloomberg reference -Ziwei Fan,0
Re: Bloomberg reference -Ziwei Fan,0
Re: Bloomberg reference -Ziwei Fan,0
"Re: New Event: Ziwei - 02:30pm Wed, Nov 24, 2021 - 30 Minute Meeting",0
"Re: New Event: Ziwei - 02:30pm Wed, Nov 24, 2021 - 30 Minute Meeting",0
"Confirmed: 30 Minute Meeting with Gene Leshinsky on Thursday,",0
"=?utf-8?Q?Online_r=C3=A9sum=C3=A9/CV_Submission_for_DATA_ANALYST,_Schoo?=",1
=?utf-8?Q?Online_r=C3=A9sum=C3=A9/CV_Submission_for_PROJECT_M?=,1
=?utf-8?Q?Online_r=C3=A9sum=C3=A9/CV_Submission_for_SENIOR_BUSINESS_ANAL?=,1
Re: Quick Follow-Up with Machine Learning at Meta (Facebook)?,0
Your Road Test Is On 12/04 Saturday In Malden,0
Re: Thank you for applying to join The Broad Institute with MIT and,0
Re: Thank you for applying to join The Broad Institute with MIT and,0
=?utf-8?b?6K+35p+l5pS25oKo55qEIDExIOaciOmimOebruivhOa1i+aKpeWRig==?=,1
Re: Thank you for applying to join The Broad Institute with MIT and,0
Re: Thank you for applying to join The Broad Institute with MIT and,0
Thank you for applying to Wayfair,0
Password Reset from Dana-Farber Cancer Institute,0
Software Engineering Opportunities with Google!,0
Re: aws location,0
Re: aws location,0
=?UTF-8?B?UmU6IOiwouiwokZhbmfvvIE=?=,1
"Interview Preparation & Coordination - Software Engineer, Site",0
Thanks for your interest in Google,0
Phone Interview with CodaMetrix,0
Re: Phone Interview with CodaMetrix,0
Next Steps with CodaMetrix,0
Signature process for CodaMetrix NDA has started,0
CodaMetrix NDA - Signature requested by Grace Bucking,0
Re: Phone Interview with CodaMetrix,0
Everyone has signed CodaMetrix NDA,0
Re: Phone Interview with CodaMetrix,0
Re: Next Steps with CodaMetrix,0
Re: Next Steps with CodaMetrix,0
***Hello from Prime Video***,1
Thank you for applying to join The Broad Institute with MIT and,0
Re: Thank you for applying to join The Broad Institute with MIT and,0
Broad Introduction,0
Re: Broad Introduction,0
Re: Broad Introduction,0
Broad interviews,0
Re: Broad interviews,0
Broad Institute Interview Availability Request,0
Deloitte- Strategy & Analytics Virtual Hiring Event January 19th,0
Re: Broad Institute Interview Availability Request,0
USPS - Your Postal Store Order Confirmation,1
"Confirmed: 20 min call with Julia Silbergeld on Thursday, January 20,",0
Welcome to your Google Developer Profile!,0
NEUMBA on Slack: New Account Details,1
=?utf-8?Q?=5bSlack=5d_nikbearbrown_mentioned_you_in_=23general?=,1
=?utf-8?Q?=f0=9f=93=84_New_messages_from_=31_conversations_in_NEUMBA?=,1
Project Manager Position Available Remote#22-04211,1
Broad Institute: Please Apply,0
Re: Broad Institute: Please Apply,0
Re: Broad Institute: Please Apply,0
"=?UTF-8?Q?USPS=C2=AE_Expected_Delivery_by_Monday,_February_14,_2022_?=",1
"=?UTF-8?Q?USPS=C2=AE_Expected_Delivery_on_Friday,_February_11,_2022_?=",1
Your YouTube TV membership has been canceled,0
Newest Interview Questions 02/14 2022,1
View your February Google Pay transaction statement,0
What makes a great candidate?,1
Critical security alert,1
Critical security alert,1
Your CV is missing,1
You added a card to your Google Account,0
Interview Request with Prata,0
Re: Interview Request with Prata,0
100% Virtual access with Prime Video!!,0
